scenario,round,client,value
label_skew,1,client_1,0.034533333333333346
label_skew,1,client_2,0.033683333333333336
label_skew,1,client_3,0.0377
label_skew,1,client_4,-0.0011166666666666686
label_skew,2,client_1,0.1816416666666667
label_skew,2,client_2,0.15642499999999998
label_skew,2,client_3,0.07892500000000002
label_skew,2,client_4,0.03660833333333334
label_skew,3,client_1,0.07282499999999997
label_skew,3,client_2,0.052591666666666634
label_skew,3,client_3,-0.051275000000000015
label_skew,3,client_4,-0.06774166666666666
label_skew,4,client_1,0.09926666666666667
label_skew,4,client_2,0.08131666666666666
label_skew,4,client_3,-0.033366666666666704
label_skew,4,client_4,-0.062216666666666684
label_skew,5,client_1,0.07270833333333332
label_skew,5,client_2,0.05309166666666666
label_skew,5,client_3,-0.04070833333333332
label_skew,5,client_4,-0.07599166666666668
quantity_skew,1,client_1,0.3298416666666667
quantity_skew,1,client_2,0.2807916666666667
quantity_skew,1,client_3,0.16829166666666664
quantity_skew,1,client_4,0.025775000000000013
quantity_skew,2,client_1,0.027700000000000002
quantity_skew,2,client_2,0.01683333333333335
quantity_skew,2,client_3,0.0004833333333333356
quantity_skew,2,client_4,0.0012833333333333214
quantity_skew,3,client_1,0.014741666666666651
quantity_skew,3,client_2,-0.0004416666666666551
quantity_skew,3,client_3,-0.0002416666666666771
quantity_skew,3,client_4,-0.001758333333333343
quantity_skew,4,client_1,0.006600000000000041
quantity_skew,4,client_2,0.004149999999999996
quantity_skew,4,client_3,-0.00014999999999999289
quantity_skew,4,client_4,-0.0009000000000000025
quantity_skew,5,client_1,0.006024999999999974
quantity_skew,5,client_2,0.0006416666666666422
quantity_skew,5,client_3,-0.0012583333333333337
quantity_skew,5,client_4,-0.0009083333333333349
pairwise_overlap_0,1,client_1,0.25415
pairwise_overlap_0,1,client_2,0.27104999999999996
pairwise_overlap_0,1,client_3,0.26830000000000004
pairwise_overlap_0,2,client_1,0.015333333333333327
pairwise_overlap_0,2,client_2,0.0105333333333333
pairwise_overlap_0,2,client_3,0.015933333333333317
pairwise_overlap_0,3,client_1,0.0057666666666666795
pairwise_overlap_0,3,client_2,0.01046666666666666
pairwise_overlap_0,3,client_3,0.00676666666666668
pairwise_overlap_0,4,client_1,0.0034500000000000086
pairwise_overlap_0,4,client_2,0.0058000000000000265
pairwise_overlap_0,4,client_3,0.0017499999999999736
pairwise_overlap_0,5,client_1,6.666666666669619e-05
pairwise_overlap_0,5,client_2,-0.0006833333333333321
pairwise_overlap_0,5,client_3,0.002616666666666638
global_overlap_0,1,client_1,0.24136666666666667
global_overlap_0,1,client_2,0.2690166666666666
global_overlap_0,1,client_3,0.2723166666666666
global_overlap_0,2,client_1,0.016600000000000024
global_overlap_0,2,client_2,0.018849999999999995
global_overlap_0,2,client_3,0.02104999999999998
global_overlap_0,3,client_1,0.003833333333333374
global_overlap_0,3,client_2,0.008483333333333305
global_overlap_0,3,client_3,0.005383333333333369
global_overlap_0,4,client_1,0.0027833333333333226
global_overlap_0,4,client_2,0.0029833333333333005
global_overlap_0,4,client_3,0.00473333333333333
global_overlap_0,5,client_1,-0.0002666666666666928
global_overlap_0,5,client_2,0.0034833333333333383
global_overlap_0,5,client_3,0.0007833333333333581
pairwise_overlap_25,1,client_1,0.24043333333333333
pairwise_overlap_25,1,client_2,0.27528333333333327
pairwise_overlap_25,1,client_3,0.26468333333333327
pairwise_overlap_25,2,client_1,0.016850000000000014
pairwise_overlap_25,2,client_2,0.024
pairwise_overlap_25,2,client_3,0.01754999999999999
pairwise_overlap_25,3,client_1,0.004549999999999961
pairwise_overlap_25,3,client_2,0.009949999999999976
pairwise_overlap_25,3,client_3,0.003399999999999977
pairwise_overlap_25,4,client_1,0.0040500000000000345
pairwise_overlap_25,4,client_2,0.0033000000000000065
pairwise_overlap_25,4,client_3,-0.001049999999999958
pairwise_overlap_25,5,client_1,0.0002833333333333392
pairwise_overlap_25,5,client_2,0.005983333333333321
pairwise_overlap_25,5,client_3,0.0018333333333333348
global_overlap_25,1,client_1,0.24325
global_overlap_25,1,client_2,0.26669999999999994
global_overlap_25,1,client_3,0.24705
global_overlap_25,2,client_1,0.024649999999999984
global_overlap_25,2,client_2,0.01794999999999995
global_overlap_25,2,client_3,0.027599999999999993
global_overlap_25,3,client_1,0.007499999999999969
global_overlap_25,3,client_2,0.01115000000000001
global_overlap_25,3,client_3,0.011750000000000002
global_overlap_25,4,client_1,0.002749999999999993
global_overlap_25,4,client_2,0.00535000000000004
global_overlap_25,4,client_3,0.0016000000000000085
global_overlap_25,5,client_1,-0.0010833333333333064
global_overlap_25,5,client_2,0.0004166666666666392
global_overlap_25,5,client_3,0.0054666666666666934
pairwise_overlap_50,1,client_1,0.2433833333333333
pairwise_overlap_50,1,client_2,0.26278333333333337
pairwise_overlap_50,1,client_3,0.2643333333333333
pairwise_overlap_50,2,client_1,0.018383333333333345
pairwise_overlap_50,2,client_2,0.020883333333333347
pairwise_overlap_50,2,client_3,0.029133333333333324
pairwise_overlap_50,3,client_1,0.005250000000000014
pairwise_overlap_50,3,client_2,0.005250000000000013
pairwise_overlap_50,3,client_3,0.004399999999999997
pairwise_overlap_50,4,client_1,0.005033333333333334
pairwise_overlap_50,4,client_2,0.004033333333333278
pairwise_overlap_50,4,client_3,0.002933333333333288
pairwise_overlap_50,5,client_1,-0.0010166666666666657
pairwise_overlap_50,5,client_2,0.003483333333333338
pairwise_overlap_50,5,client_3,0.0025333333333333314
global_overlap_50,1,client_1,0.2383833333333333
global_overlap_50,1,client_2,0.2510333333333333
global_overlap_50,1,client_3,0.2700833333333333
global_overlap_50,2,client_1,0.023550000000000015
global_overlap_50,2,client_2,0.026500000000000024
global_overlap_50,2,client_3,0.03325
global_overlap_50,3,client_1,0.0037500000000000124
global_overlap_50,3,client_2,0.002449999999999989
global_overlap_50,3,client_3,0.008199999999999966
global_overlap_50,4,client_1,0.0031499999999999857
global_overlap_50,4,client_2,0.003900000000000014
global_overlap_50,4,client_3,0.003650000000000042
global_overlap_50,5,client_1,-0.00023333333333332607
global_overlap_50,5,client_2,0.00016666666666662988
global_overlap_50,5,client_3,0.004366666666666666
pairwise_overlap_75,1,client_1,0.23291666666666666
pairwise_overlap_75,1,client_2,0.25986666666666663
pairwise_overlap_75,1,client_3,0.2685166666666667
pairwise_overlap_75,2,client_1,0.022083333333333323
pairwise_overlap_75,2,client_2,0.02828333333333331
pairwise_overlap_75,2,client_3,0.02893333333333329
pairwise_overlap_75,3,client_1,0.0020833333333333814
pairwise_overlap_75,3,client_2,0.011083333333333332
pairwise_overlap_75,3,client_3,0.003333333333333355
pairwise_overlap_75,4,client_1,0.002433333333333361
pairwise_overlap_75,4,client_2,0.003283333333333323
pairwise_overlap_75,4,client_3,0.002283333333333322
pairwise_overlap_75,5,client_1,-0.0019333333333333425
pairwise_overlap_75,5,client_2,0.00441666666666668
pairwise_overlap_75,5,client_3,0.00551666666666667
global_overlap_75,1,client_1,0.23501666666666665
global_overlap_75,1,client_2,0.2539166666666667
global_overlap_75,1,client_3,0.2775666666666666
global_overlap_75,2,client_1,0.019966666666666633
global_overlap_75,2,client_2,0.022566666666666676
global_overlap_75,2,client_3,0.02706666666666668
global_overlap_75,3,client_1,0.004916666666666643
global_overlap_75,3,client_2,0.005066666666666682
global_overlap_75,3,client_3,0.006316666666666655
global_overlap_75,4,client_1,0.0023499999999999814
global_overlap_75,4,client_2,0.00579999999999999
global_overlap_75,4,client_3,0.004249999999999994
global_overlap_75,5,client_1,-0.0013833333333333107
global_overlap_75,5,client_2,0.005516666666666651
global_overlap_75,5,client_3,0.0012666666666667306
pairwise_overlap_100,1,client_1,0.24608333333333335
pairwise_overlap_100,1,client_2,0.26258333333333334
pairwise_overlap_100,1,client_3,0.26773333333333327
pairwise_overlap_100,2,client_1,0.018349999999999998
pairwise_overlap_100,2,client_2,0.024099999999999972
pairwise_overlap_100,2,client_3,0.019150000000000018
pairwise_overlap_100,3,client_1,0.0037333333333333103
pairwise_overlap_100,3,client_2,0.009983333333333344
pairwise_overlap_100,3,client_3,0.0005833333333333246
pairwise_overlap_100,4,client_1,0.0037333333333333294
pairwise_overlap_100,4,client_2,0.00473333333333333
pairwise_overlap_100,4,client_3,0.0033333333333333734
pairwise_overlap_100,5,client_1,-0.0007166666666666432
pairwise_overlap_100,5,client_2,0.005883333333333296
pairwise_overlap_100,5,client_3,0.0015333333333332755
global_overlap_100,1,client_1,0.2343833333333333
global_overlap_100,1,client_2,0.24783333333333332
global_overlap_100,1,client_3,0.2749833333333333
global_overlap_100,2,client_1,0.027033333333333336
global_overlap_100,2,client_2,0.026983333333333342
global_overlap_100,2,client_3,0.024483333333333336
global_overlap_100,3,client_1,0.006066666666666683
global_overlap_100,3,client_2,0.007216666666666612
global_overlap_100,3,client_3,0.0020166666666666853
global_overlap_100,4,client_1,0.00526666666666666
global_overlap_100,4,client_2,0.004616666666666677
global_overlap_100,4,client_3,0.003316666666666653
global_overlap_100,5,client_1,-0.00026666666666671124
global_overlap_100,5,client_2,0.00448333333333332
global_overlap_100,5,client_3,0.0012833333333333399
noniid_pairwise_overlap_0,1,client_1,0.21533333333333332
noniid_pairwise_overlap_0,1,client_2,0.1708333333333333
noniid_pairwise_overlap_0,1,client_3,0.21523333333333333
noniid_pairwise_overlap_0,2,client_1,0.057083333333333354
noniid_pairwise_overlap_0,2,client_2,0.05293333333333333
noniid_pairwise_overlap_0,2,client_3,0.06568333333333329
noniid_pairwise_overlap_0,3,client_1,0.0018166666666666748
noniid_pairwise_overlap_0,3,client_2,0.031066666666666715
noniid_pairwise_overlap_0,3,client_3,0.013516666666666732
noniid_pairwise_overlap_0,4,client_1,-0.016850000000000018
noniid_pairwise_overlap_0,4,client_2,0.04680000000000001
noniid_pairwise_overlap_0,4,client_3,-0.014350000000000002
noniid_pairwise_overlap_0,5,client_1,-0.03079999999999998
noniid_pairwise_overlap_0,5,client_2,0.06444999999999998
noniid_pairwise_overlap_0,5,client_3,-0.02015000000000003
noniid_global_overlap_0,1,client_1,0.1364
noniid_global_overlap_0,1,client_2,0.13135000000000002
noniid_global_overlap_0,1,client_3,0.13344999999999999
noniid_global_overlap_0,2,client_1,0.003233333333333347
noniid_global_overlap_0,2,client_2,0.0016833333333333513
noniid_global_overlap_0,2,client_3,0.0024833333333333183
noniid_global_overlap_0,3,client_1,-0.0023166666666666336
noniid_global_overlap_0,3,client_2,0.002883333333333349
noniid_global_overlap_0,3,client_3,0.0020333333333333314
noniid_global_overlap_0,4,client_1,0.0005666666666666782
noniid_global_overlap_0,4,client_2,0.0009666666666666341
noniid_global_overlap_0,4,client_3,0.0007666666666666562
noniid_global_overlap_0,5,client_1,0.00014999999999998348
noniid_global_overlap_0,5,client_2,-0.0008000000000000229
noniid_global_overlap_0,5,client_3,0.00024999999999997247
noniid_pairwise_overlap_25,1,client_1,0.21855000000000002
noniid_pairwise_overlap_25,1,client_2,0.1795
noniid_pairwise_overlap_25,1,client_3,0.22294999999999998
noniid_pairwise_overlap_25,2,client_1,0.053666666666666654
noniid_pairwise_overlap_25,2,client_2,0.049566666666666676
noniid_pairwise_overlap_25,2,client_3,0.06146666666666663
noniid_pairwise_overlap_25,3,client_1,0.007050000000000042
noniid_pairwise_overlap_25,3,client_2,0.026000000000000037
noniid_pairwise_overlap_25,3,client_3,0.0017499999999999738
noniid_pairwise_overlap_25,4,client_1,-0.01731666666666666
noniid_pairwise_overlap_25,4,client_2,0.0441333333333333
noniid_pairwise_overlap_25,4,client_3,-0.010916666666666713
noniid_pairwise_overlap_25,5,client_1,-0.02966666666666666
noniid_pairwise_overlap_25,5,client_2,0.05728333333333334
noniid_pairwise_overlap_25,5,client_3,-0.013616666666666652
noniid_global_overlap_25,1,client_1,0.13416666666666666
noniid_global_overlap_25,1,client_2,0.13291666666666668
noniid_global_overlap_25,1,client_3,0.12981666666666664
noniid_global_overlap_25,2,client_1,0.005016666666666707
noniid_global_overlap_25,2,client_2,0.0030666666666666433
noniid_global_overlap_25,2,client_3,0.00341666666666666
noniid_global_overlap_25,3,client_1,-0.001800000000000005
noniid_global_overlap_25,3,client_2,0.0026999999999999984
noniid_global_overlap_25,3,client_3,0.0020000000000000204
noniid_global_overlap_25,4,client_1,0.0006499999999999654
noniid_global_overlap_25,4,client_2,0.0010500000000000322
noniid_global_overlap_25,4,client_3,0.0004999999999999819
noniid_global_overlap_25,5,client_1,0.00011666666666665382
noniid_global_overlap_25,5,client_2,-0.000383333333333291
noniid_global_overlap_25,5,client_3,-0.0010333333333333306
noniid_pairwise_overlap_50,1,client_1,0.21711666666666668
noniid_pairwise_overlap_50,1,client_2,0.17051666666666665
noniid_pairwise_overlap_50,1,client_3,0.21446666666666664
noniid_pairwise_overlap_50,2,client_1,0.06284999999999999
noniid_pairwise_overlap_50,2,client_2,0.06054999999999999
noniid_pairwise_overlap_50,2,client_3,0.06149999999999996
noniid_pairwise_overlap_50,3,client_1,0.000333333333333366
noniid_pairwise_overlap_50,3,client_2,0.015933333333333355
noniid_pairwise_overlap_50,3,client_3,0.0054333333333333456
noniid_pairwise_overlap_50,4,client_1,-0.01446666666666667
noniid_pairwise_overlap_50,4,client_2,0.050733333333333366
noniid_pairwise_overlap_50,4,client_3,-0.007966666666666691
noniid_pairwise_overlap_50,5,client_1,-0.03274999999999996
noniid_pairwise_overlap_50,5,client_2,0.055850000000000025
noniid_pairwise_overlap_50,5,client_3,-0.009399999999999978
noniid_global_overlap_50,1,client_1,0.1340666666666667
noniid_global_overlap_50,1,client_2,0.13201666666666667
noniid_global_overlap_50,1,client_3,0.13381666666666667
noniid_global_overlap_50,2,client_1,0.0031666666666666323
noniid_global_overlap_50,2,client_2,0.003466666666666655
noniid_global_overlap_50,2,client_3,0.002566666666666643
noniid_global_overlap_50,3,client_1,-0.0017833333333333035
noniid_global_overlap_50,3,client_2,0.002366666666666683
noniid_global_overlap_50,3,client_3,0.0016166666666667104
noniid_global_overlap_50,4,client_1,0.0009166666666666582
noniid_global_overlap_50,4,client_2,0.0013166666666666698
noniid_global_overlap_50,4,client_3,-0.0003333333333333151
noniid_global_overlap_50,5,client_1,-0.00026666666666667427
noniid_global_overlap_50,5,client_2,-0.0005666666666666968
noniid_global_overlap_50,5,client_3,0.0001333333333333371
noniid_pairwise_overlap_75,1,client_1,0.21640000000000004
noniid_pairwise_overlap_75,1,client_2,0.1714
noniid_pairwise_overlap_75,1,client_3,0.2153
noniid_pairwise_overlap_75,2,client_1,0.05513333333333336
noniid_pairwise_overlap_75,2,client_2,0.047033333333333316
noniid_pairwise_overlap_75,2,client_3,0.06133333333333329
noniid_pairwise_overlap_75,3,client_1,0.0013999999999999985
noniid_pairwise_overlap_75,3,client_2,0.039149999999999976
noniid_pairwise_overlap_75,3,client_3,0.014850000000000016
noniid_pairwise_overlap_75,4,client_1,-0.013300000000000048
noniid_pairwise_overlap_75,4,client_2,0.048450000000000035
noniid_pairwise_overlap_75,4,client_3,-0.018850000000000006
noniid_pairwise_overlap_75,5,client_1,-0.023349999999999982
noniid_pairwise_overlap_75,5,client_2,0.06360000000000003
noniid_pairwise_overlap_75,5,client_3,-0.021349999999999994
noniid_global_overlap_75,1,client_1,0.13459999999999997
noniid_global_overlap_75,1,client_2,0.13459999999999994
noniid_global_overlap_75,1,client_3,0.1328
noniid_global_overlap_75,2,client_1,0.001966666666666672
noniid_global_overlap_75,2,client_2,0.002416666666666678
noniid_global_overlap_75,2,client_3,0.0022166666666667
noniid_global_overlap_75,3,client_1,-0.0017166666666666999
noniid_global_overlap_75,3,client_2,0.0023833333333333484
noniid_global_overlap_75,3,client_3,0.001533333333333331
noniid_global_overlap_75,4,client_1,0.00048333333333333556
noniid_global_overlap_75,4,client_2,0.000833333333333297
noniid_global_overlap_75,4,client_3,0.000983333333333336
noniid_global_overlap_75,5,client_1,-0.0004333333333333041
noniid_global_overlap_75,5,client_2,0.0006166666666666912
noniid_global_overlap_75,5,client_3,1.666666666670183e-05
noniid_pairwise_overlap_100,1,client_1,0.21621666666666667
noniid_pairwise_overlap_100,1,client_2,0.1759666666666666
noniid_pairwise_overlap_100,1,client_3,0.21851666666666666
noniid_pairwise_overlap_100,2,client_1,0.058116666666666664
noniid_pairwise_overlap_100,2,client_2,0.05296666666666672
noniid_pairwise_overlap_100,2,client_3,0.06011666666666665
noniid_pairwise_overlap_100,3,client_1,-0.0013999999999999846
noniid_pairwise_overlap_100,3,client_2,0.03230000000000002
noniid_pairwise_overlap_100,3,client_3,0.00480000000000004
noniid_pairwise_overlap_100,4,client_1,-0.005566666666666678
noniid_pairwise_overlap_100,4,client_2,0.045933333333333326
noniid_pairwise_overlap_100,4,client_3,-0.018566666666666717
noniid_pairwise_overlap_100,5,client_1,-0.027733333333333346
noniid_pairwise_overlap_100,5,client_2,0.06026666666666666
noniid_pairwise_overlap_100,5,client_3,-0.018733333333333324
noniid_global_overlap_100,1,client_1,0.13463333333333333
noniid_global_overlap_100,1,client_2,0.1343333333333333
noniid_global_overlap_100,1,client_3,0.13113333333333335
noniid_global_overlap_100,2,client_1,0.0041500000000000235
noniid_global_overlap_100,2,client_2,0.0028500000000000005
noniid_global_overlap_100,2,client_3,0.0014999999999999827
noniid_global_overlap_100,3,client_1,-0.000683333333333295
noniid_global_overlap_100,3,client_2,0.0017666666666666568
noniid_global_overlap_100,3,client_3,0.0018166666666666513
noniid_global_overlap_100,4,client_1,0.0006333333333333006
noniid_global_overlap_100,4,client_2,8.333333333330564e-05
noniid_global_overlap_100,4,client_3,-0.0002166666666666613
noniid_global_overlap_100,5,client_1,-0.0002666666666666373
noniid_global_overlap_100,5,client_2,0.0011833333333333695
noniid_global_overlap_100,5,client_3,0.0006833333333333136
