scenario,method,round,client,value
pairwise_overlap_0,exhaustive,1,client_1,0.25033333333333324
pairwise_overlap_0,exhaustive,1,client_2,0.2647333333333333
pairwise_overlap_0,exhaustive,1,client_3,0.25453333333333333
pairwise_overlap_0,exhaustive,2,client_1,0.2775166666666667
pairwise_overlap_0,exhaustive,2,client_2,0.27904999999999996
pairwise_overlap_0,exhaustive,2,client_3,0.2849833333333333
pairwise_overlap_0,exhaustive,3,client_1,0.28406666666666663
pairwise_overlap_0,exhaustive,3,client_2,0.28965
pairwise_overlap_0,exhaustive,3,client_3,0.2882666666666666
pairwise_overlap_0,exhaustive,4,client_1,0.29045000000000004
pairwise_overlap_0,exhaustive,4,client_2,0.2862333333333333
pairwise_overlap_0,exhaustive,4,client_3,0.29383333333333334
pairwise_overlap_0,exhaustive,5,client_1,0.29206666666666664
pairwise_overlap_0,exhaustive,5,client_2,0.29183333333333333
pairwise_overlap_0,exhaustive,5,client_3,0.2902666666666666
global_overlap_0,exhaustive,1,client_1,0.2431833333333333
global_overlap_0,exhaustive,1,client_2,0.26330000000000003
global_overlap_0,exhaustive,1,client_3,0.2679666666666667
global_overlap_0,exhaustive,2,client_1,0.2782833333333333
global_overlap_0,exhaustive,2,client_2,0.2816
global_overlap_0,exhaustive,2,client_3,0.28276666666666667
global_overlap_0,exhaustive,3,client_1,0.28681666666666666
global_overlap_0,exhaustive,3,client_2,0.28345
global_overlap_0,exhaustive,3,client_3,0.29033333333333333
global_overlap_0,exhaustive,4,client_1,0.2893
global_overlap_0,exhaustive,4,client_2,0.2893333333333333
global_overlap_0,exhaustive,4,client_3,0.29115
global_overlap_0,exhaustive,5,client_1,0.2910333333333333
global_overlap_0,exhaustive,5,client_2,0.29105
global_overlap_0,exhaustive,5,client_3,0.29188333333333333
pairwise_overlap_25,exhaustive,1,client_1,0.25055
pairwise_overlap_25,exhaustive,1,client_2,0.2706333333333334
pairwise_overlap_25,exhaustive,1,client_3,0.23365
pairwise_overlap_25,exhaustive,2,client_1,0.2776666666666667
pairwise_overlap_25,exhaustive,2,client_2,0.28329999999999994
pairwise_overlap_25,exhaustive,2,client_3,0.28071666666666667
pairwise_overlap_25,exhaustive,3,client_1,0.28611666666666663
pairwise_overlap_25,exhaustive,3,client_2,0.28485000000000005
pairwise_overlap_25,exhaustive,3,client_3,0.29024999999999995
pairwise_overlap_25,exhaustive,4,client_1,0.28881666666666667
pairwise_overlap_25,exhaustive,4,client_2,0.2906833333333333
pairwise_overlap_25,exhaustive,4,client_3,0.2892166666666667
pairwise_overlap_25,exhaustive,5,client_1,0.2908166666666667
pairwise_overlap_25,exhaustive,5,client_2,0.292
pairwise_overlap_25,exhaustive,5,client_3,0.29119999999999996
global_overlap_25,exhaustive,1,client_1,0.2631666666666666
global_overlap_25,exhaustive,1,client_2,0.2610333333333334
global_overlap_25,exhaustive,1,client_3,0.2494833333333333
global_overlap_25,exhaustive,2,client_1,0.27814999999999995
global_overlap_25,exhaustive,2,client_2,0.2815833333333333
global_overlap_25,exhaustive,2,client_3,0.27953333333333336
global_overlap_25,exhaustive,3,client_1,0.2842833333333333
global_overlap_25,exhaustive,3,client_2,0.28731666666666666
global_overlap_25,exhaustive,3,client_3,0.28836666666666666
global_overlap_25,exhaustive,4,client_1,0.29005
global_overlap_25,exhaustive,4,client_2,0.29091666666666666
global_overlap_25,exhaustive,4,client_3,0.2886333333333333
global_overlap_25,exhaustive,5,client_1,0.2926666666666667
global_overlap_25,exhaustive,5,client_2,0.2907166666666667
global_overlap_25,exhaustive,5,client_3,0.28985
pairwise_overlap_50,exhaustive,1,client_1,0.24488333333333334
pairwise_overlap_50,exhaustive,1,client_2,0.25115
pairwise_overlap_50,exhaustive,1,client_3,0.2541166666666667
pairwise_overlap_50,exhaustive,2,client_1,0.28200000000000003
pairwise_overlap_50,exhaustive,2,client_2,0.27826666666666666
pairwise_overlap_50,exhaustive,2,client_3,0.28351666666666664
pairwise_overlap_50,exhaustive,3,client_1,0.28725000000000006
pairwise_overlap_50,exhaustive,3,client_2,0.28689999999999993
pairwise_overlap_50,exhaustive,3,client_3,0.28583333333333333
pairwise_overlap_50,exhaustive,4,client_1,0.2871333333333333
pairwise_overlap_50,exhaustive,4,client_2,0.2897
pairwise_overlap_50,exhaustive,4,client_3,0.2910333333333333
pairwise_overlap_50,exhaustive,5,client_1,0.29058333333333336
pairwise_overlap_50,exhaustive,5,client_2,0.29093333333333327
pairwise_overlap_50,exhaustive,5,client_3,0.29216666666666663
global_overlap_50,exhaustive,1,client_1,0.24683333333333332
global_overlap_50,exhaustive,1,client_2,0.25065
global_overlap_50,exhaustive,1,client_3,0.2725166666666667
global_overlap_50,exhaustive,2,client_1,0.2776
global_overlap_50,exhaustive,2,client_2,0.2791333333333333
global_overlap_50,exhaustive,2,client_3,0.2866166666666667
global_overlap_50,exhaustive,3,client_1,0.28509999999999996
global_overlap_50,exhaustive,3,client_2,0.2875666666666667
global_overlap_50,exhaustive,3,client_3,0.28778333333333334
global_overlap_50,exhaustive,4,client_1,0.28855
global_overlap_50,exhaustive,4,client_2,0.2899666666666667
global_overlap_50,exhaustive,4,client_3,0.28981666666666667
global_overlap_50,exhaustive,5,client_1,0.29083333333333333
global_overlap_50,exhaustive,5,client_2,0.2912166666666666
global_overlap_50,exhaustive,5,client_3,0.29114999999999996
pairwise_overlap_75,exhaustive,1,client_1,0.25048333333333334
pairwise_overlap_75,exhaustive,1,client_2,0.25806666666666667
pairwise_overlap_75,exhaustive,1,client_3,0.26345
pairwise_overlap_75,exhaustive,2,client_1,0.27825
pairwise_overlap_75,exhaustive,2,client_2,0.28196666666666664
pairwise_overlap_75,exhaustive,2,client_3,0.2819833333333333
pairwise_overlap_75,exhaustive,3,client_1,0.2835
pairwise_overlap_75,exhaustive,3,client_2,0.28846666666666665
pairwise_overlap_75,exhaustive,3,client_3,0.28809999999999997
pairwise_overlap_75,exhaustive,4,client_1,0.28853333333333336
pairwise_overlap_75,exhaustive,4,client_2,0.29078333333333334
pairwise_overlap_75,exhaustive,4,client_3,0.28863333333333335
pairwise_overlap_75,exhaustive,5,client_1,0.2890166666666667
pairwise_overlap_75,exhaustive,5,client_2,0.2926666666666667
pairwise_overlap_75,exhaustive,5,client_3,0.2912666666666667
global_overlap_75,exhaustive,1,client_1,0.24409999999999998
global_overlap_75,exhaustive,1,client_2,0.26341666666666663
global_overlap_75,exhaustive,1,client_3,0.2584166666666667
global_overlap_75,exhaustive,2,client_1,0.27896666666666664
global_overlap_75,exhaustive,2,client_2,0.2789333333333333
global_overlap_75,exhaustive,2,client_3,0.28436666666666666
global_overlap_75,exhaustive,3,client_1,0.2848
global_overlap_75,exhaustive,3,client_2,0.28400000000000003
global_overlap_75,exhaustive,3,client_3,0.2902666666666667
global_overlap_75,exhaustive,4,client_1,0.2897666666666667
global_overlap_75,exhaustive,4,client_2,0.29041666666666666
global_overlap_75,exhaustive,4,client_3,0.28833333333333333
global_overlap_75,exhaustive,5,client_1,0.28896666666666665
global_overlap_75,exhaustive,5,client_2,0.2913333333333333
global_overlap_75,exhaustive,5,client_3,0.2919833333333333
pairwise_overlap_100,exhaustive,1,client_1,0.25309999999999994
pairwise_overlap_100,exhaustive,1,client_2,0.2561166666666667
pairwise_overlap_100,exhaustive,1,client_3,0.2641
pairwise_overlap_100,exhaustive,2,client_1,0.27863333333333334
pairwise_overlap_100,exhaustive,2,client_2,0.2829333333333333
pairwise_overlap_100,exhaustive,2,client_3,0.28075
pairwise_overlap_100,exhaustive,3,client_1,0.28695
pairwise_overlap_100,exhaustive,3,client_2,0.2852
pairwise_overlap_100,exhaustive,3,client_3,0.28651666666666664
pairwise_overlap_100,exhaustive,4,client_1,0.2884
pairwise_overlap_100,exhaustive,4,client_2,0.29001666666666664
pairwise_overlap_100,exhaustive,4,client_3,0.2889
pairwise_overlap_100,exhaustive,5,client_1,0.28994999999999993
pairwise_overlap_100,exhaustive,5,client_2,0.29266666666666663
pairwise_overlap_100,exhaustive,5,client_3,0.2904166666666666
global_overlap_100,exhaustive,1,client_1,0.24708333333333335
global_overlap_100,exhaustive,1,client_2,0.26039999999999996
global_overlap_100,exhaustive,1,client_3,0.26211666666666666
global_overlap_100,exhaustive,2,client_1,0.28040000000000004
global_overlap_100,exhaustive,2,client_2,0.27819999999999995
global_overlap_100,exhaustive,2,client_3,0.28309999999999996
global_overlap_100,exhaustive,3,client_1,0.28468333333333334
global_overlap_100,exhaustive,3,client_2,0.2845
global_overlap_100,exhaustive,3,client_3,0.2877166666666666
global_overlap_100,exhaustive,4,client_1,0.2877166666666667
global_overlap_100,exhaustive,4,client_2,0.28981666666666667
global_overlap_100,exhaustive,4,client_3,0.2892333333333333
global_overlap_100,exhaustive,5,client_1,0.2901
global_overlap_100,exhaustive,5,client_2,0.29011666666666663
global_overlap_100,exhaustive,5,client_3,0.2914999999999999
noniid_pairwise_overlap_0,exhaustive,1,client_1,0.21294999999999997
noniid_pairwise_overlap_0,exhaustive,1,client_2,0.16069999999999995
noniid_pairwise_overlap_0,exhaustive,1,client_3,0.21885000000000002
noniid_pairwise_overlap_0,exhaustive,2,client_1,0.27905
noniid_pairwise_overlap_0,exhaustive,2,client_2,0.17901666666666669
noniid_pairwise_overlap_0,exhaustive,2,client_3,0.2747
noniid_pairwise_overlap_0,exhaustive,3,client_1,0.28325
noniid_pairwise_overlap_0,exhaustive,3,client_2,0.19238333333333335
noniid_pairwise_overlap_0,exhaustive,3,client_3,0.2829833333333333
noniid_pairwise_overlap_0,exhaustive,4,client_1,0.28295000000000003
noniid_pairwise_overlap_0,exhaustive,4,client_2,0.2012666666666667
noniid_pairwise_overlap_0,exhaustive,4,client_3,0.28515
noniid_pairwise_overlap_0,exhaustive,5,client_1,0.2825333333333333
noniid_pairwise_overlap_0,exhaustive,5,client_2,0.20515000000000003
noniid_pairwise_overlap_0,exhaustive,5,client_3,0.288
noniid_global_overlap_0,exhaustive,1,client_1,0.1342
noniid_global_overlap_0,exhaustive,1,client_2,0.13436666666666666
noniid_global_overlap_0,exhaustive,1,client_3,0.13333333333333333
noniid_global_overlap_0,exhaustive,2,client_1,0.1364
noniid_global_overlap_0,exhaustive,2,client_2,0.1366
noniid_global_overlap_0,exhaustive,2,client_3,0.13643333333333332
noniid_global_overlap_0,exhaustive,3,client_1,0.13709999999999997
noniid_global_overlap_0,exhaustive,3,client_2,0.13725
noniid_global_overlap_0,exhaustive,3,client_3,0.1370166666666667
noniid_global_overlap_0,exhaustive,4,client_1,0.13721666666666663
noniid_global_overlap_0,exhaustive,4,client_2,0.13756666666666667
noniid_global_overlap_0,exhaustive,4,client_3,0.13751666666666668
noniid_global_overlap_0,exhaustive,5,client_1,0.1379
noniid_global_overlap_0,exhaustive,5,client_2,0.13803333333333337
noniid_global_overlap_0,exhaustive,5,client_3,0.13728333333333334
noniid_pairwise_overlap_25,exhaustive,1,client_1,0.2107
noniid_pairwise_overlap_25,exhaustive,1,client_2,0.15386666666666668
noniid_pairwise_overlap_25,exhaustive,1,client_3,0.22108333333333333
noniid_pairwise_overlap_25,exhaustive,2,client_1,0.2764
noniid_pairwise_overlap_25,exhaustive,2,client_2,0.18230000000000002
noniid_pairwise_overlap_25,exhaustive,2,client_3,0.27365
noniid_pairwise_overlap_25,exhaustive,3,client_1,0.28126666666666666
noniid_pairwise_overlap_25,exhaustive,3,client_2,0.1934833333333333
noniid_pairwise_overlap_25,exhaustive,3,client_3,0.28455
noniid_pairwise_overlap_25,exhaustive,4,client_1,0.2829666666666667
noniid_pairwise_overlap_25,exhaustive,4,client_2,0.2041666666666667
noniid_pairwise_overlap_25,exhaustive,4,client_3,0.28515
noniid_pairwise_overlap_25,exhaustive,5,client_1,0.2801666666666667
noniid_pairwise_overlap_25,exhaustive,5,client_2,0.20948333333333338
noniid_pairwise_overlap_25,exhaustive,5,client_3,0.28773333333333334
noniid_global_overlap_25,exhaustive,1,client_1,0.13276666666666667
noniid_global_overlap_25,exhaustive,1,client_2,0.13423333333333334
noniid_global_overlap_25,exhaustive,1,client_3,0.13346666666666665
noniid_global_overlap_25,exhaustive,2,client_1,0.13653333333333334
noniid_global_overlap_25,exhaustive,2,client_2,0.13568333333333335
noniid_global_overlap_25,exhaustive,2,client_3,0.13715
noniid_global_overlap_25,exhaustive,3,client_1,0.13778333333333334
noniid_global_overlap_25,exhaustive,3,client_2,0.1371166666666667
noniid_global_overlap_25,exhaustive,3,client_3,0.13693333333333332
noniid_global_overlap_25,exhaustive,4,client_1,0.13754999999999998
noniid_global_overlap_25,exhaustive,4,client_2,0.13743333333333335
noniid_global_overlap_25,exhaustive,4,client_3,0.13771666666666668
noniid_global_overlap_25,exhaustive,5,client_1,0.13848333333333332
noniid_global_overlap_25,exhaustive,5,client_2,0.13790000000000002
noniid_global_overlap_25,exhaustive,5,client_3,0.13676666666666668
noniid_pairwise_overlap_50,exhaustive,1,client_1,0.20330000000000004
noniid_pairwise_overlap_50,exhaustive,1,client_2,0.1581
noniid_pairwise_overlap_50,exhaustive,1,client_3,0.21666666666666667
noniid_pairwise_overlap_50,exhaustive,2,client_1,0.2746
noniid_pairwise_overlap_50,exhaustive,2,client_2,0.17878333333333338
noniid_pairwise_overlap_50,exhaustive,2,client_3,0.26968333333333333
noniid_pairwise_overlap_50,exhaustive,3,client_1,0.28115
noniid_pairwise_overlap_50,exhaustive,3,client_2,0.19481666666666664
noniid_pairwise_overlap_50,exhaustive,3,client_3,0.2804166666666667
noniid_pairwise_overlap_50,exhaustive,4,client_1,0.28701666666666664
noniid_pairwise_overlap_50,exhaustive,4,client_2,0.19883333333333333
noniid_pairwise_overlap_50,exhaustive,4,client_3,0.2839
noniid_pairwise_overlap_50,exhaustive,5,client_1,0.29034999999999994
noniid_pairwise_overlap_50,exhaustive,5,client_2,0.20350000000000001
noniid_pairwise_overlap_50,exhaustive,5,client_3,0.28285
noniid_global_overlap_50,exhaustive,1,client_1,0.13445000000000001
noniid_global_overlap_50,exhaustive,1,client_2,0.1325333333333333
noniid_global_overlap_50,exhaustive,1,client_3,0.13408333333333336
noniid_global_overlap_50,exhaustive,2,client_1,0.13626666666666667
noniid_global_overlap_50,exhaustive,2,client_2,0.13571666666666668
noniid_global_overlap_50,exhaustive,2,client_3,0.13735
noniid_global_overlap_50,exhaustive,3,client_1,0.13713333333333336
noniid_global_overlap_50,exhaustive,3,client_2,0.13743333333333335
noniid_global_overlap_50,exhaustive,3,client_3,0.1374
noniid_global_overlap_50,exhaustive,4,client_1,0.13795
noniid_global_overlap_50,exhaustive,4,client_2,0.13770000000000002
noniid_global_overlap_50,exhaustive,4,client_3,0.13718333333333335
noniid_global_overlap_50,exhaustive,5,client_1,0.13761666666666666
noniid_global_overlap_50,exhaustive,5,client_2,0.13773333333333335
noniid_global_overlap_50,exhaustive,5,client_3,0.1371666666666667
noniid_pairwise_overlap_75,exhaustive,1,client_1,0.20229999999999995
noniid_pairwise_overlap_75,exhaustive,1,client_2,0.1779333333333333
noniid_pairwise_overlap_75,exhaustive,1,client_3,0.21566666666666667
noniid_pairwise_overlap_75,exhaustive,2,client_1,0.2759333333333333
noniid_pairwise_overlap_75,exhaustive,2,client_2,0.24614999999999998
noniid_pairwise_overlap_75,exhaustive,2,client_3,0.2712
noniid_pairwise_overlap_75,exhaustive,3,client_1,0.28155
noniid_pairwise_overlap_75,exhaustive,3,client_2,0.26435000000000003
noniid_pairwise_overlap_75,exhaustive,3,client_3,0.28373333333333334
noniid_pairwise_overlap_75,exhaustive,4,client_1,0.28501666666666664
noniid_pairwise_overlap_75,exhaustive,4,client_2,0.27666666666666667
noniid_pairwise_overlap_75,exhaustive,4,client_3,0.2846
noniid_pairwise_overlap_75,exhaustive,5,client_1,0.2866666666666667
noniid_pairwise_overlap_75,exhaustive,5,client_2,0.28053333333333336
noniid_pairwise_overlap_75,exhaustive,5,client_3,0.28305
noniid_global_overlap_75,exhaustive,1,client_1,0.13426666666666667
noniid_global_overlap_75,exhaustive,1,client_2,0.1328333333333333
noniid_global_overlap_75,exhaustive,1,client_3,0.13413333333333335
noniid_global_overlap_75,exhaustive,2,client_1,0.13608333333333333
noniid_global_overlap_75,exhaustive,2,client_2,0.13621666666666668
noniid_global_overlap_75,exhaustive,2,client_3,0.13654999999999998
noniid_global_overlap_75,exhaustive,3,client_1,0.13763333333333336
noniid_global_overlap_75,exhaustive,3,client_2,0.13728333333333334
noniid_global_overlap_75,exhaustive,3,client_3,0.13701666666666665
noniid_global_overlap_75,exhaustive,4,client_1,0.13708333333333333
noniid_global_overlap_75,exhaustive,4,client_2,0.13763333333333333
noniid_global_overlap_75,exhaustive,4,client_3,0.1378
noniid_global_overlap_75,exhaustive,5,client_1,0.13818333333333335
noniid_global_overlap_75,exhaustive,5,client_2,0.1376666666666667
noniid_global_overlap_75,exhaustive,5,client_3,0.13708333333333333
noniid_pairwise_overlap_100,exhaustive,1,client_1,0.20685
noniid_pairwise_overlap_100,exhaustive,1,client_2,0.10926666666666666
noniid_pairwise_overlap_100,exhaustive,1,client_3,0.2191833333333333
noniid_pairwise_overlap_100,exhaustive,2,client_1,0.2748833333333333
noniid_pairwise_overlap_100,exhaustive,2,client_2,0.11851666666666667
noniid_pairwise_overlap_100,exhaustive,2,client_3,0.2718666666666667
noniid_pairwise_overlap_100,exhaustive,3,client_1,0.2853333333333334
noniid_pairwise_overlap_100,exhaustive,3,client_2,0.12433333333333334
noniid_pairwise_overlap_100,exhaustive,3,client_3,0.28173333333333334
noniid_pairwise_overlap_100,exhaustive,4,client_1,0.28565
noniid_pairwise_overlap_100,exhaustive,4,client_2,0.13325
noniid_pairwise_overlap_100,exhaustive,4,client_3,0.2832166666666667
noniid_pairwise_overlap_100,exhaustive,5,client_1,0.28941666666666666
noniid_pairwise_overlap_100,exhaustive,5,client_2,0.13556666666666667
noniid_pairwise_overlap_100,exhaustive,5,client_3,0.281
noniid_global_overlap_100,exhaustive,1,client_1,0.13453333333333334
noniid_global_overlap_100,exhaustive,1,client_2,0.13224999999999998
noniid_global_overlap_100,exhaustive,1,client_3,0.1341
noniid_global_overlap_100,exhaustive,2,client_1,0.13583333333333333
noniid_global_overlap_100,exhaustive,2,client_2,0.13620000000000002
noniid_global_overlap_100,exhaustive,2,client_3,0.13673333333333332
noniid_global_overlap_100,exhaustive,3,client_1,0.13745
noniid_global_overlap_100,exhaustive,3,client_2,0.13761666666666666
noniid_global_overlap_100,exhaustive,3,client_3,0.13701666666666668
noniid_global_overlap_100,exhaustive,4,client_1,0.13688333333333333
noniid_global_overlap_100,exhaustive,4,client_2,0.13811666666666664
noniid_global_overlap_100,exhaustive,4,client_3,0.1373166666666667
noniid_global_overlap_100,exhaustive,5,client_1,0.1378
noniid_global_overlap_100,exhaustive,5,client_2,0.13775
noniid_global_overlap_100,exhaustive,5,client_3,0.1373666666666667
pairwise_overlap_0,random_10,1,client_1,0.07188999999999998
pairwise_overlap_0,random_10,1,client_2,0.6315
pairwise_overlap_0,random_10,1,client_3,0.06559
pairwise_overlap_0,random_10,2,client_1,0.08490999999999997
pairwise_overlap_0,random_10,2,client_2,0.6677099999999999
pairwise_overlap_0,random_10,2,client_3,0.08995
pairwise_overlap_0,random_10,3,client_1,0.08981
pairwise_overlap_0,random_10,3,client_2,0.68255
pairwise_overlap_0,random_10,3,client_3,0.08861999999999999
pairwise_overlap_0,random_10,4,client_1,0.08971
pairwise_overlap_0,random_10,4,client_2,0.68857
pairwise_overlap_0,random_10,4,client_3,0.09184999999999999
pairwise_overlap_0,random_10,5,client_1,0.08980000000000002
pairwise_overlap_0,random_10,5,client_2,0.69466
pairwise_overlap_0,random_10,5,client_3,0.09047000000000001
global_overlap_0,random_10,1,client_1,0.07433999999999999
global_overlap_0,random_10,1,client_2,0.62403
global_overlap_0,random_10,1,client_3,0.07296
global_overlap_0,random_10,2,client_1,0.08515000000000002
global_overlap_0,random_10,2,client_2,0.6696399999999999
global_overlap_0,random_10,2,client_3,0.08827999999999998
global_overlap_0,random_10,3,client_1,0.08696999999999998
global_overlap_0,random_10,3,client_2,0.6831999999999999
global_overlap_0,random_10,3,client_3,0.09100000000000001
global_overlap_0,random_10,4,client_1,0.08847999999999999
global_overlap_0,random_10,4,client_2,0.6897599999999999
global_overlap_0,random_10,4,client_3,0.09306
global_overlap_0,random_10,5,client_1,0.09004999999999999
global_overlap_0,random_10,5,client_2,0.6930099999999999
global_overlap_0,random_10,5,client_3,0.09239999999999998
pairwise_overlap_25,random_10,1,client_1,0.0724
pairwise_overlap_25,random_10,1,client_2,0.6315199999999999
pairwise_overlap_25,random_10,1,client_3,0.05800999999999999
pairwise_overlap_25,random_10,2,client_1,0.08136999999999998
pairwise_overlap_25,random_10,2,client_2,0.6722699999999999
pairwise_overlap_25,random_10,2,client_3,0.08723000000000002
pairwise_overlap_25,random_10,3,client_1,0.08793
pairwise_overlap_25,random_10,3,client_2,0.68154
pairwise_overlap_25,random_10,3,client_3,0.09121
pairwise_overlap_25,random_10,4,client_1,0.08895
pairwise_overlap_25,random_10,4,client_2,0.69194
pairwise_overlap_25,random_10,4,client_3,0.08851999999999999
pairwise_overlap_25,random_10,5,client_1,0.08869
pairwise_overlap_25,random_10,5,client_2,0.6974099999999999
pairwise_overlap_25,random_10,5,client_3,0.08814
global_overlap_25,random_10,1,client_1,0.07506
global_overlap_25,random_10,1,client_2,0.6290699999999999
global_overlap_25,random_10,1,client_3,0.056979999999999975
global_overlap_25,random_10,2,client_1,0.08614000000000001
global_overlap_25,random_10,2,client_2,0.6677399999999999
global_overlap_25,random_10,2,client_3,0.08812
global_overlap_25,random_10,3,client_1,0.08666000000000001
global_overlap_25,random_10,3,client_2,0.6823499999999999
global_overlap_25,random_10,3,client_3,0.09017
global_overlap_25,random_10,4,client_1,0.08871
global_overlap_25,random_10,4,client_2,0.6890099999999999
global_overlap_25,random_10,4,client_3,0.09086999999999998
global_overlap_25,random_10,5,client_1,0.08967
global_overlap_25,random_10,5,client_2,0.6930599999999999
global_overlap_25,random_10,5,client_3,0.09085
pairwise_overlap_50,random_10,1,client_1,0.07471000000000001
pairwise_overlap_50,random_10,1,client_2,0.6268299999999999
pairwise_overlap_50,random_10,1,client_3,0.06253
pairwise_overlap_50,random_10,2,client_1,0.08557000000000002
pairwise_overlap_50,random_10,2,client_2,0.6644599999999999
pairwise_overlap_50,random_10,2,client_3,0.09230999999999999
pairwise_overlap_50,random_10,3,client_1,0.08831
pairwise_overlap_50,random_10,3,client_2,0.68326
pairwise_overlap_50,random_10,3,client_3,0.0889
pairwise_overlap_50,random_10,4,client_1,0.089
pairwise_overlap_50,random_10,4,client_2,0.6903699999999999
pairwise_overlap_50,random_10,4,client_3,0.08992999999999998
pairwise_overlap_50,random_10,5,client_1,0.08894
pairwise_overlap_50,random_10,5,client_2,0.69417
pairwise_overlap_50,random_10,5,client_3,0.09032000000000001
global_overlap_50,random_10,1,client_1,0.06580000000000001
global_overlap_50,random_10,1,client_2,0.63104
global_overlap_50,random_10,1,client_3,0.07115999999999999
global_overlap_50,random_10,2,client_1,0.08798999999999998
global_overlap_50,random_10,2,client_2,0.66572
global_overlap_50,random_10,2,client_3,0.08857999999999999
global_overlap_50,random_10,3,client_1,0.08836
global_overlap_50,random_10,3,client_2,0.6824600000000001
global_overlap_50,random_10,3,client_3,0.08839999999999998
global_overlap_50,random_10,4,client_1,0.08744
global_overlap_50,random_10,4,client_2,0.6917
global_overlap_50,random_10,4,client_3,0.08899999999999998
global_overlap_50,random_10,5,client_1,0.08825000000000002
global_overlap_50,random_10,5,client_2,0.69531
global_overlap_50,random_10,5,client_3,0.08987999999999999
pairwise_overlap_75,random_10,1,client_1,0.07506999999999997
pairwise_overlap_75,random_10,1,client_2,0.63228
pairwise_overlap_75,random_10,1,client_3,0.06593000000000002
pairwise_overlap_75,random_10,2,client_1,0.08589999999999999
pairwise_overlap_75,random_10,2,client_2,0.6676500000000001
pairwise_overlap_75,random_10,2,client_3,0.08839
pairwise_overlap_75,random_10,3,client_1,0.08726000000000003
pairwise_overlap_75,random_10,3,client_2,0.6857099999999999
pairwise_overlap_75,random_10,3,client_3,0.08700999999999996
pairwise_overlap_75,random_10,4,client_1,0.08812999999999999
pairwise_overlap_75,random_10,4,client_2,0.69031
pairwise_overlap_75,random_10,4,client_3,0.09099
pairwise_overlap_75,random_10,5,client_1,0.09067000000000001
pairwise_overlap_75,random_10,5,client_2,0.6950399999999999
pairwise_overlap_75,random_10,5,client_3,0.08847000000000001
global_overlap_75,random_10,1,client_1,0.06770999999999996
global_overlap_75,random_10,1,client_2,0.6342299999999998
global_overlap_75,random_10,1,client_3,0.06521000000000002
global_overlap_75,random_10,2,client_1,0.08612
global_overlap_75,random_10,2,client_2,0.66822
global_overlap_75,random_10,2,client_3,0.08603000000000001
global_overlap_75,random_10,3,client_1,0.08922000000000001
global_overlap_75,random_10,3,client_2,0.67941
global_overlap_75,random_10,3,client_3,0.08979
global_overlap_75,random_10,4,client_1,0.08762999999999999
global_overlap_75,random_10,4,client_2,0.6907599999999999
global_overlap_75,random_10,4,client_3,0.09015999999999999
global_overlap_75,random_10,5,client_1,0.08829000000000001
global_overlap_75,random_10,5,client_2,0.6943900000000001
global_overlap_75,random_10,5,client_3,0.09017999999999998
pairwise_overlap_100,random_10,1,client_1,0.07189
pairwise_overlap_100,random_10,1,client_2,0.6232
pairwise_overlap_100,random_10,1,client_3,0.07515999999999999
pairwise_overlap_100,random_10,2,client_1,0.0838
pairwise_overlap_100,random_10,2,client_2,0.6694199999999999
pairwise_overlap_100,random_10,2,client_3,0.08736000000000001
pairwise_overlap_100,random_10,3,client_1,0.08680999999999998
pairwise_overlap_100,random_10,3,client_2,0.68231
pairwise_overlap_100,random_10,3,client_3,0.09037999999999999
pairwise_overlap_100,random_10,4,client_1,0.08723
pairwise_overlap_100,random_10,4,client_2,0.6896599999999999
pairwise_overlap_100,random_10,4,client_3,0.09200999999999998
pairwise_overlap_100,random_10,5,client_1,0.08860000000000001
pairwise_overlap_100,random_10,5,client_2,0.6928099999999999
pairwise_overlap_100,random_10,5,client_3,0.09216999999999996
global_overlap_100,random_10,1,client_1,0.07776999999999999
global_overlap_100,random_10,1,client_2,0.6217299999999999
global_overlap_100,random_10,1,client_3,0.07207000000000001
global_overlap_100,random_10,2,client_1,0.08583999999999999
global_overlap_100,random_10,2,client_2,0.6650099999999999
global_overlap_100,random_10,2,client_3,0.08819000000000002
global_overlap_100,random_10,3,client_1,0.08827
global_overlap_100,random_10,3,client_2,0.67982
global_overlap_100,random_10,3,client_3,0.08892000000000001
global_overlap_100,random_10,4,client_1,0.08846999999999998
global_overlap_100,random_10,4,client_2,0.68912
global_overlap_100,random_10,4,client_3,0.08953000000000001
global_overlap_100,random_10,5,client_1,0.08785
global_overlap_100,random_10,5,client_2,0.692
global_overlap_100,random_10,5,client_3,0.0917
noniid_pairwise_overlap_0,random_10,1,client_1,0.19493000000000002
noniid_pairwise_overlap_0,random_10,1,client_2,0.29318000000000005
noniid_pairwise_overlap_0,random_10,1,client_3,0.12416
noniid_pairwise_overlap_0,random_10,2,client_1,0.30001
noniid_pairwise_overlap_0,random_10,2,client_2,0.30037
noniid_pairwise_overlap_0,random_10,2,client_3,0.20534
noniid_pairwise_overlap_0,random_10,3,client_1,0.2996
noniid_pairwise_overlap_0,random_10,3,client_2,0.30463000000000007
noniid_pairwise_overlap_0,random_10,3,client_3,0.22437
noniid_pairwise_overlap_0,random_10,4,client_1,0.30881
noniid_pairwise_overlap_0,random_10,4,client_2,0.31115000000000004
noniid_pairwise_overlap_0,random_10,4,client_3,0.22146
noniid_pairwise_overlap_0,random_10,5,client_1,0.29495000000000005
noniid_pairwise_overlap_0,random_10,5,client_2,0.31172000000000005
noniid_pairwise_overlap_0,random_10,5,client_3,0.24446000000000004
noniid_global_overlap_0,random_10,1,client_1,0.04028999999999999
noniid_global_overlap_0,random_10,1,client_2,0.32251
noniid_global_overlap_0,random_10,1,client_3,0.038869999999999995
noniid_global_overlap_0,random_10,2,client_1,0.041499999999999995
noniid_global_overlap_0,random_10,2,client_2,0.32642
noniid_global_overlap_0,random_10,2,client_3,0.041040000000000014
noniid_global_overlap_0,random_10,3,client_1,0.04107
noniid_global_overlap_0,random_10,3,client_2,0.32972999999999997
noniid_global_overlap_0,random_10,3,client_3,0.040920000000000005
noniid_global_overlap_0,random_10,4,client_1,0.041429999999999995
noniid_global_overlap_0,random_10,4,client_2,0.3294
noniid_global_overlap_0,random_10,4,client_3,0.042050000000000004
noniid_global_overlap_0,random_10,5,client_1,0.04168000000000001
noniid_global_overlap_0,random_10,5,client_2,0.33016999999999996
noniid_global_overlap_0,random_10,5,client_3,0.04149000000000002
noniid_pairwise_overlap_25,random_10,1,client_1,0.20057
noniid_pairwise_overlap_25,random_10,1,client_2,0.29347999999999996
noniid_pairwise_overlap_25,random_10,1,client_3,0.12449999999999999
noniid_pairwise_overlap_25,random_10,2,client_1,0.29895
noniid_pairwise_overlap_25,random_10,2,client_2,0.29993
noniid_pairwise_overlap_25,random_10,2,client_3,0.20368
noniid_pairwise_overlap_25,random_10,3,client_1,0.30008
noniid_pairwise_overlap_25,random_10,3,client_2,0.30515000000000003
noniid_pairwise_overlap_25,random_10,3,client_3,0.22406
noniid_pairwise_overlap_25,random_10,4,client_1,0.31227
noniid_pairwise_overlap_25,random_10,4,client_2,0.31246000000000007
noniid_pairwise_overlap_25,random_10,4,client_3,0.21858999999999998
noniid_pairwise_overlap_25,random_10,5,client_1,0.30157999999999996
noniid_pairwise_overlap_25,random_10,5,client_2,0.30964
noniid_pairwise_overlap_25,random_10,5,client_3,0.23966000000000004
noniid_global_overlap_25,random_10,1,client_1,0.04050000000000001
noniid_global_overlap_25,random_10,1,client_2,0.32154000000000005
noniid_global_overlap_25,random_10,1,client_3,0.040119999999999996
noniid_global_overlap_25,random_10,2,client_1,0.04098000000000001
noniid_global_overlap_25,random_10,2,client_2,0.32616999999999996
noniid_global_overlap_25,random_10,2,client_3,0.04203
noniid_global_overlap_25,random_10,3,client_1,0.041509999999999984
noniid_global_overlap_25,random_10,3,client_2,0.32838
noniid_global_overlap_25,random_10,3,client_3,0.04189
noniid_global_overlap_25,random_10,4,client_1,0.041850000000000005
noniid_global_overlap_25,random_10,4,client_2,0.32974000000000003
noniid_global_overlap_25,random_10,4,client_3,0.040909999999999995
noniid_global_overlap_25,random_10,5,client_1,0.04170000000000002
noniid_global_overlap_25,random_10,5,client_2,0.32970000000000005
noniid_global_overlap_25,random_10,5,client_3,0.04179999999999999
noniid_pairwise_overlap_50,random_10,1,client_1,0.20000999999999997
noniid_pairwise_overlap_50,random_10,1,client_2,0.29294
noniid_pairwise_overlap_50,random_10,1,client_3,0.12127999999999999
noniid_pairwise_overlap_50,random_10,2,client_1,0.29672
noniid_pairwise_overlap_50,random_10,2,client_2,0.29961000000000004
noniid_pairwise_overlap_50,random_10,2,client_3,0.2008
noniid_pairwise_overlap_50,random_10,3,client_1,0.3073199999999999
noniid_pairwise_overlap_50,random_10,3,client_2,0.30423000000000006
noniid_pairwise_overlap_50,random_10,3,client_3,0.22075
noniid_pairwise_overlap_50,random_10,4,client_1,0.30640999999999996
noniid_pairwise_overlap_50,random_10,4,client_2,0.3107000000000001
noniid_pairwise_overlap_50,random_10,4,client_3,0.22569
noniid_pairwise_overlap_50,random_10,5,client_1,0.29555
noniid_pairwise_overlap_50,random_10,5,client_2,0.31188000000000005
noniid_pairwise_overlap_50,random_10,5,client_3,0.24259
noniid_global_overlap_50,random_10,1,client_1,0.04076000000000001
noniid_global_overlap_50,random_10,1,client_2,0.31957
noniid_global_overlap_50,random_10,1,client_3,0.04134999999999999
noniid_global_overlap_50,random_10,2,client_1,0.042249999999999996
noniid_global_overlap_50,random_10,2,client_2,0.3254
noniid_global_overlap_50,random_10,2,client_3,0.041540000000000014
noniid_global_overlap_50,random_10,3,client_1,0.04145
noniid_global_overlap_50,random_10,3,client_2,0.32895
noniid_global_overlap_50,random_10,3,client_3,0.041339999999999995
noniid_global_overlap_50,random_10,4,client_1,0.04129
noniid_global_overlap_50,random_10,4,client_2,0.32949
noniid_global_overlap_50,random_10,4,client_3,0.042089999999999975
noniid_global_overlap_50,random_10,5,client_1,0.04154999999999999
noniid_global_overlap_50,random_10,5,client_2,0.3295100000000001
noniid_global_overlap_50,random_10,5,client_3,0.04181000000000001
noniid_pairwise_overlap_75,random_10,1,client_1,0.20248
noniid_pairwise_overlap_75,random_10,1,client_2,0.29198999999999997
noniid_pairwise_overlap_75,random_10,1,client_3,0.11535999999999998
noniid_pairwise_overlap_75,random_10,2,client_1,0.29693
noniid_pairwise_overlap_75,random_10,2,client_2,0.30095
noniid_pairwise_overlap_75,random_10,2,client_3,0.20063999999999999
noniid_pairwise_overlap_75,random_10,3,client_1,0.30599
noniid_pairwise_overlap_75,random_10,3,client_2,0.30397
noniid_pairwise_overlap_75,random_10,3,client_3,0.22173999999999996
noniid_pairwise_overlap_75,random_10,4,client_1,0.31496999999999997
noniid_pairwise_overlap_75,random_10,4,client_2,0.31167
noniid_pairwise_overlap_75,random_10,4,client_3,0.21894999999999998
noniid_pairwise_overlap_75,random_10,5,client_1,0.29804
noniid_pairwise_overlap_75,random_10,5,client_2,0.31186
noniid_pairwise_overlap_75,random_10,5,client_3,0.24043
noniid_global_overlap_75,random_10,1,client_1,0.040429999999999994
noniid_global_overlap_75,random_10,1,client_2,0.31915
noniid_global_overlap_75,random_10,1,client_3,0.04158
noniid_global_overlap_75,random_10,2,client_1,0.041019999999999994
noniid_global_overlap_75,random_10,2,client_2,0.32650999999999997
noniid_global_overlap_75,random_10,2,client_3,0.041240000000000006
noniid_global_overlap_75,random_10,3,client_1,0.04195999999999999
noniid_global_overlap_75,random_10,3,client_2,0.32808000000000004
noniid_global_overlap_75,random_10,3,client_3,0.04151
noniid_global_overlap_75,random_10,4,client_1,0.04139000000000001
noniid_global_overlap_75,random_10,4,client_2,0.32944999999999997
noniid_global_overlap_75,random_10,4,client_3,0.04100000000000002
noniid_global_overlap_75,random_10,5,client_1,0.04124999999999998
noniid_global_overlap_75,random_10,5,client_2,0.32999
noniid_global_overlap_75,random_10,5,client_3,0.04171000000000001
noniid_pairwise_overlap_100,random_10,1,client_1,0.20025000000000004
noniid_pairwise_overlap_100,random_10,1,client_2,0.29312
noniid_pairwise_overlap_100,random_10,1,client_3,0.11738999999999997
noniid_pairwise_overlap_100,random_10,2,client_1,0.29665
noniid_pairwise_overlap_100,random_10,2,client_2,0.30026
noniid_pairwise_overlap_100,random_10,2,client_3,0.20124
noniid_pairwise_overlap_100,random_10,3,client_1,0.3063699999999999
noniid_pairwise_overlap_100,random_10,3,client_2,0.30446000000000006
noniid_pairwise_overlap_100,random_10,3,client_3,0.22301
noniid_pairwise_overlap_100,random_10,4,client_1,0.31642
noniid_pairwise_overlap_100,random_10,4,client_2,0.31094000000000005
noniid_pairwise_overlap_100,random_10,4,client_3,0.21879999999999997
noniid_pairwise_overlap_100,random_10,5,client_1,0.29955999999999994
noniid_pairwise_overlap_100,random_10,5,client_2,0.31001
noniid_pairwise_overlap_100,random_10,5,client_3,0.24167
noniid_global_overlap_100,random_10,1,client_1,0.039939999999999996
noniid_global_overlap_100,random_10,1,client_2,0.32012
noniid_global_overlap_100,random_10,1,client_3,0.040170000000000004
noniid_global_overlap_100,random_10,2,client_1,0.04108999999999999
noniid_global_overlap_100,random_10,2,client_2,0.32637000000000005
noniid_global_overlap_100,random_10,2,client_3,0.04129
noniid_global_overlap_100,random_10,3,client_1,0.04153
noniid_global_overlap_100,random_10,3,client_2,0.32867
noniid_global_overlap_100,random_10,3,client_3,0.04179
noniid_global_overlap_100,random_10,4,client_1,0.04121999999999999
noniid_global_overlap_100,random_10,4,client_2,0.33021
noniid_global_overlap_100,random_10,4,client_3,0.040870000000000004
noniid_global_overlap_100,random_10,5,client_1,0.04158
noniid_global_overlap_100,random_10,5,client_2,0.32995
noniid_global_overlap_100,random_10,5,client_3,0.041370000000000004
label_skew,random_10,1,client_1,0.14555
label_skew,random_10,1,client_2,0.12210999999999998
label_skew,random_10,1,client_3,0.03414999999999999
label_skew,random_10,1,client_4,-0.0039099999999999985
label_skew,random_10,2,client_1,0.23436999999999997
label_skew,random_10,2,client_2,0.19609000000000001
label_skew,random_10,2,client_3,0.09284
label_skew,random_10,2,client_4,0.06455000000000001
label_skew,random_10,3,client_1,0.23404999999999995
label_skew,random_10,3,client_2,0.20211
label_skew,random_10,3,client_3,0.09187
label_skew,random_10,3,client_4,0.07508000000000001
label_skew,random_10,4,client_1,0.22868999999999998
label_skew,random_10,4,client_2,0.1995
label_skew,random_10,4,client_3,0.12763999999999995
label_skew,random_10,4,client_4,0.09225000000000001
label_skew,random_10,5,client_1,0.24705999999999997
label_skew,random_10,5,client_2,0.19763999999999998
label_skew,random_10,5,client_3,0.11740000000000002
label_skew,random_10,5,client_4,0.10295000000000001
quantity_skew,random_10,1,client_1,0.15427
quantity_skew,random_10,1,client_2,0.45413999999999993
quantity_skew,random_10,1,client_3,0.16954999999999998
quantity_skew,random_10,1,client_4,0.020440000000000014
quantity_skew,random_10,2,client_1,0.15177999999999997
quantity_skew,random_10,2,client_2,0.45531
quantity_skew,random_10,2,client_3,0.21198999999999998
quantity_skew,random_10,2,client_4,0.030319999999999996
quantity_skew,random_10,3,client_1,0.13718999999999998
quantity_skew,random_10,3,client_2,0.45119999999999993
quantity_skew,random_10,3,client_3,0.23992
quantity_skew,random_10,3,client_4,0.036440000000000014
quantity_skew,random_10,4,client_1,0.12825999999999999
quantity_skew,random_10,4,client_2,0.45553
quantity_skew,random_10,4,client_3,0.2364
quantity_skew,random_10,4,client_4,0.05161
quantity_skew,random_10,5,client_1,0.12086999999999999
quantity_skew,random_10,5,client_2,0.4535699999999999
quantity_skew,random_10,5,client_3,0.24611
quantity_skew,random_10,5,client_4,0.05519
